Summe von Preis;;Jahr;;;;;;;;;;;;;;;;;;;;;;Weighted Prices: Price * Number of issues GoOs;;;;;;;;;;;;;;;;;;;;;
Land;Technologie; 2020; 2021; 2022; 2023; 2024; 2025; 2026; 2027; 2028; 2029; 2030; 2031; 2032; 2033; 2034; 2035; 2036; 2037; 2038; 2039; 2040;(Leer);;2020;2021;2022;2023;2024;2025;2026;2027;2028;2029;2030;2031;2032;2033;2034;2035;2036;2037;2038;2039;2040
Belgien;Biomass;1,75415625;1,76337;1,926257813;1,987910859;1,987910859;1,987910859;1,987910859;1,987910859;2,09230875;2,176925625;2,176925625;2,176925625;2,3365125;2,3365125;2,34100125;2,5113375;2,926310625;3,046185352;3,046185352;3,209618672;3,310305469;;;8155936,41;9182808,016;11191084,85;12840271,7;14231496,09;15729742,24;17252089,46;18887347,06;21727095,91;23028027,75;23898823,98;24523764,49;26992315,64;27663069,52;28388256,44;31174788,33;37166176,91;39563152,26;40437635,34;43528587,85;45844399,33
Belgien;Geothermal;47,45762712;46,94915254;46,44067797;45,93220339;45,42372881;44,91525424;44,40677966;43,89830508;43,38983051;42,88135593;42,37288136;42,20338983;42,03389831;41,86440678;41,69491525;41,52542373;41,3559322;41,18644068;40,33898305;39,23728814;38,13559322;;;0;0;0;0;0;0;0;0;0;0;0;0;0;0;0;0;0;0;0;0;0
Belgien;Hydro;1,036734375;1,108710938;1,1565;1,192359375;1,292589844;1,292589844;1,292589844;1,292589844;1,292589844;1,292589844;1,377585938;1,3962375;1,403852344;1,403852344;1,410984375;1,538451563;1,6520625;1,775925;1,974210938;1,978875;1,98140625;;;791697,8191;948280,4186;1103544,388;1264942,756;1519850,2;1679855,142;1842433,955;2017071,011;2204565,687;2405767,154;2793962,921;3051133,012;3303247,105;3554598,772;3842248,708;4502956,513;5194679,19;5995884,729;7153298,875;7691520,328;8257597,933
Belgien;Other RES;47,45762712;46,94915254;46,44067797;45,93220339;45,42372881;44,91525424;44,40677966;43,89830508;43,38983051;42,88135593;42,37288136;42,20338983;42,03389831;41,86440678;41,69491525;41,52542373;41,3559322;41,18644068;40,33898305;39,23728814;38,13559322;;;0;0;0;0;0;0;0;0;0;0;0;0;0;0;0;0;0;0;0;0;0
Belgien;Solar;7,64721;7,64721;10,4085;10,4085;11,63330859;12,1187707;12,1187707;12,1187707;12,1187707;12,1187707;12,1187707;12,1187707;13,32288;13,99452188;13,99452188;13,99452188;13,99452188;13,99452188;13,99452188;13,99452188;13,99452188;;;6351161,087;7113439,284;10801659,37;12009087,51;14876523,62;17128834,92;18786588,36;20567295,06;22479105,96;24530679,7;26731213,06;28801729,87;34093839,27;38537663,66;41445701,59;44548199,15;47857332,22;51386008,09;55147908,23;59157533,35;63430251,21
Belgien;Wind;2,271898125;2,271898125;2,271898125;2,2752;2,2752;2,39121;2,487915;2,487915;2,487915;2,53584;2,6433;2,6703;3,17995875;4,1225;4,1440275;4,1440275;4,9968;6,20443125;6,815694375;6,815694375;6,815694375;;;35660379,19;39940404,4;42188602,35;44735891,57;47221865,76;52242389,23;56776896,2;59198623,34;61620350,48;65275727,71;70614862,29;73201557,66;89394385,42;118770790;122285911,3;125180817,1;154431594;196089012,8;220169043,4;224930303,7;229691563,9
Dänemark;Biomass;1,364284688;1,680091875;1,680091875;1,987910859;1,987910859;1,987910859;1,987910859;1,987910859;1,987910859;2,004345;2,010605625;2,3365125;2,3365125;2,3365125;2,564469141;2,564469141;2,89776375;2,89776375;2,926310625;2,960685;3,058978125;;;2457137,688;3389097,172;3781026,66;4559238,705;4812595,671;5065952,637;5291659,873;5517367,109;5743074,345;6018125,744;6265207,518;7471147,011;7661534,683;7851922,356;8826940,103;9035902,524;10446385,99;10682506,49;11026190,17;11396958,63;12024588,27
Dänemark;Geothermal;47,45762712;46,94915254;46,44067797;45,93220339;45,42372881;44,91525424;44,40677966;43,89830508;43,38983051;42,88135593;42,37288136;42,20338983;42,03389831;41,86440678;41,69491525;41,52542373;41,3559322;41,18644068;40,33898305;39,23728814;38,13559322;;;0;0;0;0;0;0;0;0;0;0;0;0;0;0;0;0;0;0;0;0;0
Dänemark;Hydro;0,803554688;0,866179688;0,90196875;0,934;0,9594375;0,9765;0,9765;1,054374107;1,154033036;1,318317188;1,367064844;1,367064844;1,367064844;1,367064844;1,367064844;1,44601875;1,554946875;1,831763672;2,0113125;2,091164063;2,172164063;;;7797,611324;9414,139747;10936,78955;12591,13188;13063,70382;13995,99031;14619,5643;16458,75097;18751,36727;22262,59888;23958,78822;24585,29676;25211,8053;25838,31384;26464,82239;28655,97244;31527,23008;37979,28623;42623,76155;45274,331;48023,48071
Dänemark;Other RES;47,45762712;46,94915254;46,44067797;45,93220339;45,42372881;44,91525424;44,40677966;43,89830508;43,38983051;42,88135593;42,37288136;42,20338983;42,03389831;41,86440678;41,69491525;41,52542373;41,3559322;41,18644068;40,33898305;39,23728814;38,13559322;;;0;0;0;0;0;0;0;0;0;0;0;0;0;0;0;0;0;0;0;0;0
Dänemark;Solar;15,5120265;15,5120265;15,5120265;15,5120265;16,3576665;16,3576665;16,3576665;16,3576665;16,3576665;16,3576665;16,3576665;16,3576665;16,3576665;16,3576665;16,3576665;16,3576665;16,3576665;16,3576665;16,3576665;16,3576665;16,3576665;;;2658096,841;2977126,581;3321414,052;3692687,454;4315903,312;4770267,736;5231941,153;5727856,242;6260282,988;6831632,767;7444466,817;8021092,114;8636768,772;9293960,367;9995279,198;10743495,01;11541544,21;12392539,59;13299780,65;14266764,46;15297197,2
Dänemark;Wind;2,29068;2,487915;2,487915;2,487915;2,487915;2,487915;2,487915;2,487915;2,487915;2,58444;2,74086;2,74086;2,845125;2,930821875;3,31173;3,344355;3,344355;3,3458625;4,1440275;4,1440275;4,1440275;;;21244944,5;24165290,97;25676063,92;27186836,87;28697609,82;30208382,77;31554279,79;32900176,82;34246073,85;36972852,05;40693321,36;41757428,32;44450508,45;46927241,93;54311943,33;56145395,98;57443802,85;58768688,33;74396996,21;76005866,61;77614737,01
Deutschland;Biomass;2,094602344;2,208789844;2,208789844;2,208789844;2,800304473;2,800304473;2,800304473;2,800304473;2,800304473;2,800304473;2,800304473;2,800304473;2,800304473;2,800304473;2,800304473;3,2197375;3,584389725;3,584389725;4,028915625;4,028915625;4,028915625;;;3278864,088;3872600,771;4320444,654;4803391,423;6749555,61;7460127,123;8182129,025;8957680,8;9790332,43;10683855,02;11642254,04;12544026,91;13506871,43;14534640,33;15631418,94;19318093,84;23103477,93;24806972,08;29924773,34;32100506,33;34419000,68
Deutschland;Geothermal;47,45762712;46,94915254;46,44067797;45,93220339;45,42372881;22,1148;22,1148;22,1148;22,1148;22,1148;22,1148;22,1148;22,1148;22,1148;22,1148;22,1148;22,1148;22,1148;22,1148;22,1148;22,1148;;;0;0;0;0;0;638657,8397;700468,07;766862,6787;838145,5781;914639,6107;996687,6827;1073888,017;1156316,666;1244303,46;1338198,142;1438371,533;1545216,768;1659150,597;1780614,768;1910077,479;2048034,924
Deutschland;Hydro;0,630534375;0,6348125;0,63628125;0,639172266;0,754164844;0,8110125;0,933375;1,291125;1,496144531;1,577707031;1,577707031;1,577707031;1,577707031;1,590890625;1,72771875;1,72771875;1,72771875;1,761;2,00021748;2,00021748;2,00021748;;;11276521,49;12715643,82;14218956,6;15880203,28;20767334,73;24683860,06;31157441,45;47184914,53;59759958,55;68769148,46;74938109,42;80742582,8;78916707,97;81553601,78;90715329,98;92862857,31;95010384,63;99029476,26;114968061,5;117454300,5;119940539,5
Deutschland;Other RES;47,45762712;46,94915254;46,44067797;45,93220339;45,42372881;44,91525424;44,40677966;43,89830508;43,38983051;42,88135593;42,37288136;42,20338983;42,03389831;41,86440678;41,69491525;41,52542373;41,3559322;41,18644068;40,33898305;39,23728814;38,13559322;;;0;0;0;0;0;0;0;0;0;0;0;0;0;0;0;0;0;0;0;0;0
Deutschland;Solar;19,90332;19,90332;19,90332;19,90332;19,90332;19,90332;19,90332;19,90332;19,90332;19,90332;19,90332;19,90332;19,90332;19,90332;19,90332;19,90332;19,90332;19,90332;19,90332;19,90332;19,90332;;;254173,9737;284680,408;317602,0508;353104,1568;391362,4684;432563,8507;474428,0063;519397,1679;567677,1757;619486,6913;675057,9655;727345,8605;783174,9001;842768,479;906363,4785;974211,0568;1046577,484;1123745,027;1206012,88;1293698,156;1387136,927
Deutschland;Wind;5,53515;5,53515;5,53515;6,29862;6,29862;7,18149375;7,18149375;7,57299375;7,57299375;7,57299375;7,57299375;7,57299375;7,57299375;7,57299375;7,57299375;8,29305;8,29305;8,29305;8,29305;8,29305;8,29305;;;471752,5682;528373,1911;589476,495;745765,0698;826567,6087;1041642,784;1142454,48;1318927,658;1441527,167;1573089,307;1714203,843;1846980,753;1988749,844;2140078,393;2301567,921;2709075,683;2910311,47;3124898,147;3353667,712;3597501,989;3857335,524
Estland;Biomass;47,45762712;46,94915254;46,44067797;45,93220339;45,42372881;0,981257813;0,981257813;0,981257813;1,061057813;1,2507075;1,319537461;1,319537461;1,319537461;1,319537461;1,64283;1,818895313;2,3402925;2,692098281;2,822080078;2,822080078;2,822080078;;;0;0;0;0;0;22263,08346;24417,7369;26732,19798;31593,11473;40638,68991;46721,28237;50340,16791;54204,13879;58328,65634;78099,27218;92942,15161;128467,5649;158675,7858;178514,3953;191493,5966;205324,4321
Estland;Geothermal;47,45762712;46,94915254;46,44067797;45,93220339;45,42372881;44,91525424;44,40677966;43,89830508;43,38983051;42,88135593;42,37288136;42,20338983;42,03389831;41,86440678;41,69491525;41,52542373;41,3559322;41,18644068;40,33898305;39,23728814;38,13559322;;;0;0;0;0;0;0;0;0;0;0;0;0;0;0;0;0;0;0;0;0;0
Estland;Hydro;0,671923828;0,671923828;0,687304688;0,687304688;0,687304688;0,687304688;0,687304688;0,687304688;0,693815625;0,746085938;0,795914063;0,80675;0,813867188;0,841335938;0,86371875;1,0587;1,090640625;1,17345;1,17345;2,015771484;2,015771484;;;89868,80572;93083,39158;101166,7694;107119,3959;113072,0224;119024,6489;124327,6445;129630,6401;136211,8817;152230,2705;168538,1138;175299,8448;181352,9343;192132,4461;202026,5437;253495,56;267182,5857;293966,7179;300464,4035;527304,4661;538466,296
Estland;Other RES;47,45762712;46,94915254;46,44067797;45,93220339;45,42372881;44,91525424;44,40677966;43,89830508;43,38983051;42,88135593;42,37288136;42,20338983;42,03389831;41,86440678;41,69491525;41,52542373;41,3559322;41,18644068;40,33898305;39,23728814;38,13559322;;;0;0;0;0;0;0;0;0;0;0;0;0;0;0;0;0;0;0;0;0;0
Estland;Solar;47,45762712;46,94915254;46,44067797;45,93220339;45,42372881;7,80194025;7,80194025;7,80194025;7,91775;7,91775;7,91775;7,91775;7,91775;7,91775;7,91775;7,91775;7,91775;7,91775;7,91775;7,91775;7,91775;;;0;0;0;0;0;16233,01861;17804,07365;19491,65164;21619,69993;23592,83929;25709,24334;27700,60154;29826,82246;32096,41396;34518,39755;37102,33847;39858,37749;42797,26456;45930,3944;49269,84406;52828,4127
Estland;Wind;1,10565;1,110105;1,12825125;1,12825125;1,12825125;1,12825125;1,12825125;1,13796;1,2554325;1,43629875;1,51459875;1,51459875;1,51459875;1,52712;1,87752;2,601072;2,77128;3,07668375;3,250808438;3,250808438;3,250808438;;;3690040,475;3850810,189;4158438,626;4403120,078;4647801,529;4892482,981;5110461,492;5374291,928;6171634,253;7338255,766;8030922,641;8240926,652;8450930,664;8732534,978;10996552,59;15595012,07;16999759,7;19299778,7;20842783,33;21293518,43;21744253,53
Finnland;Biomass;0,953800313;0,981225;1,038717422;1,053502734;1,088580938;1,13337;1,172892656;1,172892656;1,306738125;1,466221641;1,546152891;1,546152891;1,546152891;1,558935;1,559072813;1,693164375;1,693164375;2,051575313;2,26734375;2,692098281;3,116152266;;;6477481,368;7463522,008;8814513,502;9939307,589;10467358,54;11471754,31;12400728,18;12929661,29;14994431,34;17485671,35;19136165,11;19636564,83;20136964,55;20807974,2;21314394,81;23695566,04;24243544,82;30039421,18;33932536,74;41160589,36;48652640,96
Finnland;Geothermal;47,45762712;46,94915254;46,44067797;45,93220339;45,42372881;44,91525424;44,40677966;43,89830508;43,38983051;42,88135593;42,37288136;42,20338983;42,03389831;41,86440678;41,69491525;41,52542373;41,3559322;41,18644068;40,33898305;39,23728814;38,13559322;;;0;0;0;0;0;0;0;0;0;0;0;0;0;0;0;0;0;0;0;0;0
Finnland;Hydro;0,276557143;0,32694375;0,346875;0,4411875;0,490415625;0,518442188;0,6307875;0,658757813;0,700875;0,700875;0,762521484;0,776097656;0,80955;0,80955;0,80955;0,931514063;1,047301172;1,104394922;1,104394922;1,11405;1,209403125;;;4007862,51;4871794,39;5491934,275;7396150,897;8678284,984;9657210,38;12273409,74;13364351,61;14800460,92;15382130,41;17367919,24;18139390,26;19403428,72;19885600,21;20367771,7;23991125,06;27596996,75;29759232,77;30417015,18;31346466,35;34749780,77
Finnland;Other RES;47,45762712;46,94915254;46,44067797;45,93220339;45,42372881;44,91525424;44,40677966;43,89830508;43,38983051;42,88135593;42,37288136;42,20338983;42,03389831;41,86440678;41,69491525;41,52542373;41,3559322;41,18644068;40,33898305;39,23728814;38,13559322;;;0;0;0;0;0;0;0;0;0;0;0;0;0;0;0;0;0;0;0;0;0
Finnland;Solar;11,494143;11,494143;11,494143;11,494143;11,494143;11,494143;11,494143;11,494143;11,494143;11,494143;11,494143;11,494143;11,494143;11,494143;11,494143;11,494143;11,494143;11,494143;11,494143;11,494143;11,494143;;;17098,51106;19150,70624;21365,37467;23753,63317;26327,30408;29098,958;31915,19728;34940,31309;38188,15249;41673,42505;45411,75449;48929,20806;52684,8776;56693,79107;60971,8837;65536,05111;70404,20556;75595,33532;81129,56754;87028,23465;93313,94455
Finnland;Wind;1,24175625;1,265985;1,3354425;1,447700625;1,493415;1,675681875;1,767031875;1,767031875;1,767031875;1,767031875;1,78248;2,2212;2,86155;3,060534375;3,060534375;3,612009375;3,612009375;3,612009375;3,612009375;4,02134625;4,02134625;;;6251777,06;6483127,716;7266372,039;8340679,468;9082182,49;10727117,46;11815895,58;12319883,59;12823871,6;13327859,61;13952771,37;17841611,7;23570904,43;25836423,48;26462886,19;31970554,87;32709899,34;33449243,81;34188588,28;38886197,91;39709329,8
Frankreich;Biomass;2,04435;2,04435;2,04435;2,090845313;2,090845313;2,212;2,212;2,212;2,489159531;2,489159531;2,489159531;2,489159531;2,525807813;2,63214;2,790375;2,898817031;3,384650391;3,384650391;3,384650391;3,668135625;3,678117188;;;8496680,587;9516468,035;10616992,53;12072235,44;12213117,23;13601020,46;14206997,06;14812973,66;17350916,36;18032820,71;18714725,06;19204104,36;19983433,88;21342192,12;23173809,2;24644330,05;29440085,17;30105521,77;30770958,37;34069385,91;34885227,37
Frankreich;Geothermal;19,90332;19,90332;19,90332;19,90332;19,90332;19,90332;19,90332;19,90332;19,90332;19,90332;19,90332;19,90332;19,90332;19,90332;19,90332;19,90332;19,90332;19,90332;19,90332;19,90332;19,90332;;;52229,3568;58498,02159;65262,97948;72558,1881;80419,76013;88886,0939;97488,61874;106729,1808;116650,0776;127296,2411;138715,3957;149459,8598;160931,9817;173177,6662;186245,5893;200187,3604;215057,6947;230914,594;247819,539;265837,6921;285038,1116
Frankreich;Hydro;0,355594219;0,355594219;0,39834375;0,429848438;0,454401563;0,500484375;0,577265625;0,62595;0,805869141;0,805869141;1,066782656;1,066782656;1,066782656;1,066782656;1,066782656;1,2238875;1,346530078;1,419936328;1,419936328;1,526705357;1,554946875;;;39951708,94;44746787,55;55923056,04;67091541,98;78608332,07;89746267,89;108126555,3;122246455,1;163822561,7;170260914,3;233908588,6;240025163,8;246141739;252258314,1;258374889,3;303443063,4;341570855,7;368333072,5;376474512,7;413536314,5;430101596,3
Frankreich;Other RES;47,45762712;46,94915254;46,44067797;45,93220339;45,42372881;4,55055;4,55055;4,55055;4,55055;4,5884475;4,5884475;4,5884475;4,5884475;4,5884475;4,5884475;4,72215;4,72215;6,446953125;6,446953125;6,446953125;6,446953125;;;0;0;0;0;0;6907,610989;7576,13958;8294,252003;9065,235319;9974,967884;10869,77593;11711,71504;12610,67362;13570,24877;14594,25475;16143,83058;17343,02795;25423,54185;27284,76496;29268,55152;31382,50482
Frankreich;Solar;5,62059;6,076468125;7,252822266;7,252822266;7,252822266;7,271262422;7,667656172;7,667656172;7,667656172;7,667656172;7,667656172;7,860290625;7,860290625;7,881679688;8,396713125;8,396713125;8,396713125;9,2836125;9,2836125;9,36765;11,648124;;;15642420,74;18940863,82;25222103,93;28041474,3;31079726,43;34439038,61;39831249,15;43606696,33;47660110,11;52009848,52;56675410,51;62599455,17;67404414,75;72730746,13;83330251,24;89568097,18;96221402,08;114228839,7;122591378,5;132695010,4;176915667,9
Frankreich;Wind;2,84475375;2,84475375;2,84475375;2,84475375;2,84475375;2,84475375;2,84475375;2,84475375;2,845125;2,8509;2,9175;2,9175;3,109545;3,17995875;3,25512;3,6412848;3,868171875;3,868171875;4,192155;4,2035625;4,853385;;;66520434,55;74504341,15;83120337,32;92411672,26;102424339,8;113207245;124163606,1;135932585,1;148587441,7;162477521,3;181188759,4;195223078,3;224044830,1;246552318,4;271424296,8;326352559,3;372440130,8;399901346,1;465123838,1;500299176,9;575337522,2
Griechenland;Biomass;47,45762712;46,94915254;46,44067797;45,93220339;45,42372881;3,55088125;3,656042578;3,656042578;3,656042578;3,656042578;3,656042578;3,656042578;3,656042578;3,656042578;3,656042578;3,656042578;3,656042578;3,656042578;3,656042578;3,656042578;4,31580625;;;0;0;0;0;0;552959,4072;624436,7328;683624,6306;747170,2263;815361,32;888503,5976;957324,3288;1030805,874;1109242,263;1192945,277;1282245,486;1377493,352;1479060,392;1587340,402;1702750,762;2155202,848
Griechenland;Geothermal;47,45762712;46,94915254;46,44067797;45,93220339;45,42372881;44,91525424;44,40677966;43,89830508;43,38983051;42,88135593;42,37288136;42,20338983;42,03389831;41,86440678;41,69491525;41,52542373;41,3559322;41,18644068;40,33898305;39,23728814;38,13559322;;;0;0;0;0;0;0;0;0;0;0;0;0;0;0;0;0;0;0;0;0;0
Griechenland;Hydro;47,45762712;46,94915254;46,44067797;45,93220339;45,42372881;1,225195313;1,2594;1,335820313;1,335820313;1,649789063;1,672921875;2,037080357;2,26940625;2,5357875;2,611458984;2,611458984;2,611458984;2,611458984;2,611458984;2,611458984;2,611458984;;;0;0;0;0;0;1015436,115;1144803,803;1329366,335;1452936,159;1958201,851;2163783,388;2838874,466;3405399,461;4094663,306;4535056,089;4874536,42;5236627,143;5622740,597;6034373,829;6473113,533;6940641,272
Griechenland;Other RES;47,45762712;46,94915254;46,44067797;45,93220339;45,42372881;44,91525424;44,40677966;43,89830508;43,38983051;42,88135593;42,37288136;42,20338983;42,03389831;41,86440678;41,69491525;41,52542373;41,3559322;41,18644068;40,33898305;39,23728814;38,13559322;;;0;0;0;0;0;0;0;0;0;0;0;0;0;0;0;0;0;0;0;0;0
Griechenland;Solar;47,45762712;46,94915254;46,44067797;45,93220339;45,42372881;6,7558725;6,9309;7,834376953;7,834376953;7,834376953;7,834376953;7,834376953;7,834376953;7,834376953;7,834376953;7,834376953;7,834376953;7,834376953;7,834376953;7,834376953;7,834376953;;;0;0;0;0;0;3283089,67;3694120,25;4571462,045;4996397,406;5452397,648;5941506,921;6401717,608;6893095,596;7417607,089;7977336,992;8574495,868;9211427,29;9890615,613;10614694,2;11386454,11;12208853,27
Griechenland;Wind;47,45762712;46,94915254;46,44067797;45,93220339;45,42372881;4,178334375;4,178334375;4,178334375;4,178334375;4,178334375;4,178334375;4,178334375;4,178334375;4,178334375;4,178334375;4,178334375;4,178334375;4,178334375;4,178334375;4,93235;6,963890625;;;0;0;0;0;0;4551896,032;4992435,12;5465648,376;5973701,87;6518896,592;7103676,533;7653905,271;8241397,692;8868504,591;9537718,687;10251682,93;11013199,3;11825238,1;12690947,79;16070365,9;24328212,14
Irland;Biomass;47,45762712;46,94915254;46,44067797;45,93220339;45,42372881;5,308389844;5,308389844;5,308389844;5,308389844;5,308389844;5,308389844;5,308389844;5,308389844;5,308389844;5,308389844;5,308389844;7,641949219;7,641949219;7,641949219;7,641949219;7,641949219;;;0;0;0;0;0;272468,9531;298838,8928;327164,6541;357575,8943;390210,3469;425214,305;458150,0855;493316,4082;530853,988;570912,0347;613648,7511;949029,0915;1019004,076;1093603,985;1173116,376;1257845,995
Irland;Geothermal;47,45762712;46,94915254;46,44067797;45,93220339;45,42372881;44,91525424;44,40677966;43,89830508;43,38983051;42,88135593;42,37288136;42,20338983;42,03389831;41,86440678;41,69491525;41,52542373;41,3559322;41,18644068;40,33898305;39,23728814;38,13559322;;;0;0;0;0;0;0;0;0;0;0;0;0;0;0;0;0;0;0;0;0;0
Irland;Hydro;1,137512109;1,314499219;1,314499219;1,314499219;1,314499219;1,314499219;1,314499219;1,314499219;1,314499219;1,314499219;1,314499219;1,314499219;1,314499219;1,609284375;1,847475;2,0530125;2,2842;2,2842;2,512215;2,947608984;2,947608984;;;1068651,355;1383142,242;1543094,644;1715584,429;1901465,457;2101645,626;2172310,392;2264966,796;2357623,2;2450279,604;2542936,008;2609432,323;2675928,638;3357431,913;3947824,195;4490887,6;5112151,937;5227702,316;5876630,579;7044224,229;7193334,349
Irland;Other RES;47,45762712;46,94915254;46,44067797;45,93220339;45,42372881;44,91525424;44,40677966;43,89830508;43,38983051;42,88135593;42,37288136;42,20338983;42,03389831;41,86440678;41,69491525;41,52542373;41,3559322;41,18644068;40,33898305;39,23728814;38,13559322;;;0;0;0;0;0;0;0;0;0;0;0;0;0;0;0;0;0;0;0;0;0
Irland;Solar;47,45762712;46,94915254;46,44067797;45,93220339;45,42372881;44,91525424;44,40677966;43,89830508;43,38983051;42,88135593;42,37288136;42,20338983;42,03389831;41,86440678;41,69491525;41,52542373;41,3559322;41,18644068;40,33898305;39,23728814;38,13559322;;;0;0;0;0;0;0;0;0;0;0;0;0;0;0;0;0;0;0;0;0;0
Irland;Wind;5,460058125;5,460058125;5,460058125;5,460058125;5,460058125;7,860290625;7,860290625;7,860290625;7,860290625;7,860290625;7,860290625;7,860290625;7,860290625;7,860290625;7,860290625;7,860290625;8,73365625;8,73365625;9,100096875;9,100096875;9,100096875;;;8564428,082;9592346,711;10701646,13;11897894,63;13187013,86;20982578,12;23013302,4;25194642,67;27536583,71;30049732,25;32745354,18;35281707,69;37989833,17;40880566,93;43965399,47;47256513,86;56407584,65;60566698,29;67727958,3;72652237,97;77899625,71
Island;Biomass;47,45762712;46,94915254;46,44067797;45,93220339;45,42372881;44,91525424;44,40677966;43,89830508;43,38983051;42,88135593;42,37288136;42,20338983;42,03389831;41,86440678;41,69491525;41,52542373;41,3559322;41,18644068;40,33898305;39,23728814;38,13559322;;;0;0;0;0;0;0;0;0;0;0;0;0;0;0;0;0;0;0;0;0;0
Island;Geothermal;47,45762712;46,94915254;46,44067797;45,93220339;45,42372881;5,308389844;5,308389844;5,308389844;5,308389844;5,308389844;5,308389844;5,308389844;5,308389844;5,308389844;5,308389844;5,308389844;7,641949219;7,641949219;7,641949219;7,641949219;7,641949219;;;0;0;0;0;0;4097,623797;4494,197759;4920,185059;5377,535595;5868,320721;6394,740521;6890,057276;7418,918855;7983,441449;8585,869005;9228,580713;14272,32037;15324,66471;16446,56268;17642,33878;18916,57609
Island;Hydro;47,45762712;46,94915254;46,44067797;45,93220339;45,42372881;0,90916875;0,90916875;0,90916875;0,90916875;0,90916875;0,90916875;0,90916875;0,90916875;1,03498125;1,03498125;1,03498125;1,03498125;1,03498125;1,03498125;2,03406;2,03406;;;0;0;0;0;0;1918,799134;2104,503292;2303,980868;2518,144943;2747,965474;2994,472695;3226,415257;3474,065893;4255,744606;4576,881529;4919,492783;5284,922959;5674,59742;6090,02702;12839,0092;13766,32075
Island;Other RES;47,45762712;46,94915254;46,44067797;45,93220339;45,42372881;44,91525424;44,40677966;43,89830508;43,38983051;42,88135593;42,37288136;42,20338983;42,03389831;41,86440678;41,69491525;41,52542373;41,3559322;41,18644068;40,33898305;39,23728814;38,13559322;;;0;0;0;0;0;0;0;0;0;0;0;0;0;0;0;0;0;0;0;0;0
Island;Solar;47,45762712;46,94915254;46,44067797;45,93220339;45,42372881;44,91525424;44,40677966;43,89830508;43,38983051;42,88135593;42,37288136;42,20338983;42,03389831;41,86440678;41,69491525;41,52542373;41,3559322;41,18644068;40,33898305;39,23728814;38,13559322;;;0;0;0;0;0;0;0;0;0;0;0;0;0;0;0;0;0;0;0;0;0
Island;Wind;47,45762712;46,94915254;46,44067797;45,93220339;45,42372881;1,65597;1,65597;1,65597;1,65597;1,71657;1,73529;1,73529;1,73529;2,8447125;2,8447125;3,20838;3,20838;3,20838;3,254496;3,254496;3,254496;;;0;0;0;0;0;2,610139456;2,862752531;3,134101565;3,425428621;3,874846681;4,268488881;4,599112783;4,952127853;8,735900708;9,395108563;11,38937464;12,23540113;13,13755682;14,30199798;15,34184976;16,44993172
Italien;Biomass;47,45762712;46,94915254;46,44067797;45,93220339;45,42372881;44,91525424;44,40677966;43,89830508;43,38983051;42,88135593;42,37288136;42,20338983;42,03389831;41,86440678;41,69491525;41,52542373;41,3559322;41,18644068;40,33898305;39,23728814;38,13559322;;;0;0;0;0;0;0;0;0;0;0;0;0;0;0;0;0;0;0;0;0;0
Italien;Geothermal;5,12055675;5,12055675;5,12055675;5,12055675;5,158640625;5,439782813;6,641472656;6,67575;7,252822266;7,252822266;7,252822266;7,481425781;7,481425781;7,481425781;7,481425781;7,881679688;7,881679688;9,066304688;10,08855;11,06912109;12,46904297;;;41968058,03;42683696,35;45352208,56;48020720,76;51066231,5;56684176,98;72289541,52;75761943,28;85678259,02;89045480,45;92412701,89;97818187,45;100310894;102803600,5;105296307,1;113555691,7;116181757,2;136664767,3;155435377;174231218;200420910,5
Italien;Hydro;0,504890625;0,511555078;0,511555078;0,5558625;0,599859375;0,60934043;0,64584375;0,665671875;1,200130488;1,200130488;1,200130488;1,200130488;1,200130488;1,200130488;1,200130488;1,246904297;1,246904297;1,246904297;2,00021748;2,00021748;2,00021748;;;26089428,97;29606438,56;33030251,96;37990888,24;43276144,99;46274406,79;51231742,01;55056909,58;103321962,7;107382595,3;111443227,8;114357404,2;117271580,6;120185756,9;123099933,3;130925375,5;133953128,7;136980882;224594397,9;229451358,5;234308319,1
Italien;Other RES;47,45762712;46,94915254;46,44067797;45,93220339;45,42372881;44,91525424;44,40677966;43,89830508;43,38983051;42,88135593;42,37288136;42,20338983;42,03389831;41,86440678;41,69491525;41,52542373;41,3559322;41,18644068;40,33898305;39,23728814;38,13559322;;;0;0;0;0;0;0;0;0;0;0;0;0;0;0;0;0;0;0;0;0;0
Italien;Solar;4,608501075;4,608501075;4,608501075;4,608501075;4,608501075;4,608501075;4,608501075;4,608501075;4,608501075;4,608501075;4,608501075;4,608501075;4,608501075;4,608501075;4,608501075;5,447680313;5,977325391;6,527540039;6,527540039;6,733283203;6,733283203;;;59509020,86;66651404,52;74359253,98;82671259,89;91628568,24;101274929,3;111076463,6;121604963,9;132908623,2;145038635,9;158049378,4;170291392,8;183362485,1;182160745,8;186577646,4;225773460;253452866,3;283039435,6;289295590,2;304867314,1;311320658
Italien;Wind;3,200347969;3,200347969;3,200347969;3,200347969;4,0964454;4,0964454;4,0964454;4,0964454;4,0964454;4,0964454;4,0964454;4,0964454;4,0964454;4,0964454;4,0964454;4,0964454;4,0964454;4,0964454;4,0964454;4,0964454;4,0964454;;;77110650,32;86365614,37;91273496,94;96644005,85;130578578,9;137452830,3;143576870,7;149700911;155824951,4;161948991,8;168073032,1;172468045,3;176863058,5;181258071,7;185653084,9;190048098,1;194443111,3;198838124,5;203233137,7;207628150,9;212023164,1
Kroatien;Biomass;2,762397422;2,858920313;2,858920313;2,858920313;2,9885625;2,9885625;2,9885625;2,9885625;3,188489063;3,237255;3,326518125;3,326518125;3,326518125;3,326518125;3,390975;4,603995703;4,603995703;4,603995703;4,603995703;4,603995703;4,603995703;;;23164,16314;26850,90983;29956,06227;33304,60267;38586,9892;42649,30335;46776,96467;51210,76886;59715,31684;66161,94551;74085,00876;79823,40362;85950,42545;92490,59095;101397,2932;147974,6564;158966,5222;170687,638;183183,4491;196502,1221;210694,7039
Kroatien;Geothermal;47,45762712;46,94915254;46,44067797;45,93220339;45,42372881;9,7173;9,7173;9,7173;9,7173;9,7173;9,7173;9,7173;9,7173;9,7173;9,7173;9,7173;9,7173;9,7173;9,7173;9,962208984;11,22213867;;;0;0;0;0;0;22747,65935;24949,21075;27314,04814;29852,99625;32577,55404;35499,93513;38249,64993;41185,58638;44319,49234;47663,82494;51231,79206;55037,39634;59095,48156;63421,78181;69747,63553;84243,3923
Kroatien;Hydro;0,657713672;0,657713672;0,657713672;0,657713672;0,680695313;0,657713672;0,657713672;0,680695313;0,8424375;0,843370313;0,996220898;0,996220898;0,996220898;0,996220898;0,996220898;1,122213867;1,357992188;1,775440625;1,973141016;1,973141016;1,973141016;;;2195688,926;2459219,605;2743614,13;3050300,059;3188274,689;3242810,647;3387290,053;3655175,525;4708750,99;4899227,33;6005991,55;6163044,777;6320098,004;6477151,232;6634204,459;7650154,261;9471545,871;12663006,94;14384132,68;14695196,39;15006260,09
Kroatien;Other RES;47,45762712;46,94915254;46,44067797;45,93220339;45,42372881;44,91525424;44,40677966;43,89830508;43,38983051;42,88135593;42,37288136;42,20338983;42,03389831;41,86440678;41,69491525;41,52542373;41,3559322;41,18644068;40,33898305;39,23728814;38,13559322;;;0;0;0;0;0;0;0;0;0;0;0;0;0;0;0;0;0;0;0;0;0
Kroatien;Solar;47,45762712;46,94915254;46,44067797;45,93220339;45,42372881;8,1972;8,1972;8,1972;8,1972;8,1972;8,1972;8,1972;8,1972;8,1972;8,1972;8,1972;8,1972;8,74557;8,74557;8,74557;8,74557;;;0;0;0;0;0;42588,92686;46710,74486;51138,27233;55891,7757;60992,78372;66464,1631;71612,2709;77109,02908;82976,4324;89237,80348;95917,87058;103042,8499;118042,078;126683,7788;135894,5445;145709,6773
Kroatien;Wind;3,157025625;3,2673375;3,2673375;3,2673375;3,4155;3,4155;3,52512;3,52512;3,6439875;3,801735;3,801735;3,881115;3,881115;3,881115;4,11652;5,261709375;5,261709375;5,4455625;5,4455625;5,4455625;5,6467125;;;1354939,114;1570587,625;1752217,001;1948082,845;2257064,96;2494681,502;2823935,795;3091605,543;3492922,149;3976714,531;4333447,124;4766593,071;5132463,46;5523004,406;5925239,542;7752894,907;7932186,758;8394907,546;8580464,162;8766020,777;9282233,738
Litauen;Biomass;47,45762712;46,94915254;46,44067797;45,93220339;45,42372881;1,07926875;1,07926875;1,07926875;1,176525;1,30662;1,4336875;1,4336875;1,4336875;1,4336875;1,7479;2,170153125;2,609742188;2,991220313;3,132773438;3,132773438;3,132773438;;;0;0;0;0;0;24541,69755;26916,87857;29468,22344;35109,72014;42550,6361;50876,86466;54817,6287;59025,27699;63516,64603;83280,58257;111139,4409;143579,9402;176701,794;198612,1023;213052,5426;228440,4966
Litauen;Geothermal;47,45762712;46,94915254;46,44067797;45,93220339;45,42372881;44,91525424;44,40677966;43,89830508;43,38983051;42,88135593;42,37288136;42,20338983;42,03389831;41,86440678;41,69491525;41,52542373;41,3559322;41,18644068;40,33898305;39,23728814;38,13559322;;;0;0;0;0;0;0;0;0;0;0;0;0;0;0;0;0;0;0;0;0;0
Litauen;Hydro;0,714421875;0,714421875;0,72159375;0,72159375;0,72159375;0,716765625;0,716765625;0,721171875;0,77090625;0,791390625;0,792234375;0,792234375;0,792234375;0,792234375;0,792234375;0,828604688;0,897686719;0,946624219;0,946624219;2,095558594;2,136585938;;;142448,683;159545,6396;179783,0222;199879,4791;221536,1242;243220,4051;266759,628;293840,04;343301,4325;384587,7951;419534,1949;452030,0116;486726,5745;523762,7187;563285,6609;633246,876;737002,2317;834483,9921;895575,4361;2126695,849;2324943,026
Litauen;Other RES;47,45762712;46,94915254;46,44067797;45,93220339;45,42372881;44,91525424;44,40677966;43,89830508;43,38983051;42,88135593;42,37288136;42,20338983;42,03389831;41,86440678;41,69491525;41,52542373;41,3559322;41,18644068;40,33898305;39,23728814;38,13559322;;;0;0;0;0;0;0;0;0;0;0;0;0;0;0;0;0;0;0;0;0;0
Litauen;Solar;47,45762712;46,94915254;46,44067797;45,93220339;45,42372881;8,20449;8,20449;8,20449;8,20449;8,20449;8,20449;8,20449;8,20449;8,20449;8,20449;8,20449;8,20449;8,20449;8,20449;8,20449;8,20449;;;0;0;0;0;0;34616,70852;37966,96369;41565,7026;45429,39799;49575,54866;54022,74091;58207,17476;62674,99515;67444,07964;72533,38509;77963,01088;83754,26579;89929,73867;96513,37317;103530,5468;111008,1543
Litauen;Wind;5,6975625;5,6975625;5,6975625;5,6975625;5,6975625;5,6975625;5,6975625;5,6975625;5,6975625;7,15284;7,15284;7,15284;7,15284;7,15284;7,15284;7,15284;7,15284;7,15284;7,29288;7,29288;7,29288;;;36739,08568;41148,57925;45907,17447;51038,75775;56568,73144;62524,10559;68575,27904;75075,25958;82053,79996;112413,5488;122497,6463;131985,9338;142116,8059;152930,8005;164470,9024;176782,6876;189914,474;203917,4824;223130,6244;239353,7267;256641,3127
Luxemburg;Biomass;1,885142109;1,987910859;1,987910859;1,987910859;1,987910859;1,9908;1,9908;2,1373875;2,1373875;2,190864375;2,261385;2,3365125;2,489159531;2,501604;2,501604;2,89776375;3,694285547;3,694285547;4,026512109;4,026512109;4,460990625;;;29635,18242;35001,52102;39049,2445;43414,23653;48118,10465;53261,11898;58415,80718;68661,81418;75044,19962;83942,11469;94416,52344;105109,3891;120571,2945;130394,5015;140234,0226;174601,6973;239130,1189;256761,9559;300340,1457;322176,9014;382721,6898
Luxemburg;Geothermal;47,45762712;46,94915254;46,44067797;45,93220339;45,42372881;44,91525424;44,40677966;43,89830508;43,38983051;42,88135593;42,37288136;42,20338983;42,03389831;41,86440678;41,69491525;41,52542373;41,3559322;41,18644068;40,33898305;39,23728814;38,13559322;;;0;0;0;0;0;0;0;0;0;0;0;0;0;0;0;0;0;0;0;0;0
Luxemburg;Hydro;1,191421875;1,191421875;1,191421875;1,191421875;1,191421875;1,191421875;1,191421875;1,191421875;1,191421875;1,32435;1,32435;1,32435;1,419936328;1,419936328;1,419936328;1,526705357;1,554946875;1,554946875;1,78686;1,78686;1,78686;;;50648,84838;56727,81761;63288,06165;70362,51054;77986,18417;86196,31888;94538,5234;103499,4576;113120,1389;137216,9252;149526,0184;161107,8397;185994,6951;200147,4592;215250,5128;248760,3795;272182,2939;292251,1747;360425,4088;386630,7686;414555,6008
Luxemburg;Other RES;47,45762712;46,94915254;46,44067797;45,93220339;45,42372881;44,91525424;44,40677966;43,89830508;43,38983051;42,88135593;42,37288136;42,20338983;42,03389831;41,86440678;41,69491525;41,52542373;41,3559322;41,18644068;40,33898305;39,23728814;38,13559322;;;0;0;0;0;0;0;0;0;0;0;0;0;0;0;0;0;0;0;0;0;0
Luxemburg;Solar;13,99452188;13,99452188;13,99452188;13,99452188;13,99452188;13,99452188;13,99452188;13,99452188;13,99452188;13,99452188;13,99452188;13,99452188;13,99452188;13,99452188;13,99452188;13,99452188;13,99452188;13,99452188;13,99452188;13,99452188;13,99452188;;;12262,84223;13734,65142;15322,98442;17035,8141;18881,61928;20869,41545;22889,18769;25058,76361;27388,07416;29887,66885;32568,75283;35091,42735;37784,94744;40660,09096;43728,28648;47001,65132;50493,03192;54216,04646;58185,12987;62415,5815;66923,61548
Luxemburg;Wind;4,05891;4,222040625;4,776415714;4,981635;4,981635;4,981635;4,981635;4,981635;4,981635;6,815694375;6,815694375;6,815694375;6,815694375;6,815694375;6,815694375;6,815694375;6,815694375;6,815694375;6,815694375;7,036734375;7,669546875;;;418708,3789;487810,4941;559065,7056;617394,6632;651703,2942;686011,9253;716576,3357;747140,7462;777705,1566;1105845,439;1147662,569;1177673,286;1207684,002;1237694,719;1267705,435;1297716,152;1327726,869;1357737,585;1387748,302;1463738,406;1629142,57
Niederlande;Biomass;1,525042969;1,680091875;1,680091875;1,87810875;1,885142109;1,987910859;1,987910859;1,987910859;1,987910859;2,004345;2,171925;2,21886;2,21886;2,26194;2,38581;2,667144375;2,982803906;2,982803906;3,30204;3,668135625;3,668135625;;;12215749,95;13854369,52;14720521,18;17423729,65;18460842,95;20492082,15;21405081,46;22318080,76;23231080,06;24343679,46;27376527,14;28699480,65;29430831,18;30747791,79;33218003;38014173,12;43496344,54;44479495,9;50328310,02;57117227,23;58326268,33
Niederlande;Geothermal;47,45762712;46,94915254;46,44067797;45,93220339;45,42372881;44,91525424;44,40677966;43,89830508;43,38983051;42,88135593;42,37288136;42,20338983;42,03389831;41,86440678;41,69491525;41,52542373;41,3559322;41,18644068;40,33898305;39,23728814;38,13559322;;;0;0;0;0;0;0;0;0;0;0;0;0;0;0;0;0;0;0;0;0;0
Niederlande;Hydro;1,089316406;1,16844375;1,16844375;1,256578125;1,29909375;1,325601563;1,34709375;1,34709375;1,34709375;1,3918125;1,551375;1,551375;1,551375;1,551375;1,680726563;1,8249;2,109125;2,130574219;2,297835938;2,620096875;2,620096875;;;294785,3148;354149,0742;358610,4992;408352,2179;445628,5042;478660,0979;508092,5602;529764,4307;551436,3012;592133,3368;684975,9996;702887,7283;720799,457;738711,1858;819709,1162;911093,8815;1077346,518;1112901,83;1226800,857;1429104,927;1459355,811
Niederlande;Other RES;47,45762712;46,94915254;46,44067797;45,93220339;45,42372881;44,91525424;44,40677966;43,89830508;43,38983051;42,88135593;42,37288136;42,20338983;42,03389831;41,86440678;41,69491525;41,52542373;41,3559322;41,18644068;40,33898305;39,23728814;38,13559322;;;0;0;0;0;0;0;0;0;0;0;0;0;0;0;0;0;0;0;0;0;0
Niederlande;Solar;5,882308594;6,076468125;6,281986641;6,37735275;7,271262422;7,271262422;7,271262422;7,667656172;7,860290625;7,860290625;9,01125;9,01125;9,36765;10,061172;10,46997773;12,77942695;12,77942695;12,77942695;12,77942695;12,77942695;12,77942695;;;10285297,78;11899995,31;13725187,73;15491064,3;19576136,29;21637048,98;23731113,9;27396822,39;30695734,07;33497205,01;41846977,11;45088314,09;50469314,16;58330385,16;65280901,37;85645080,3;92006975,34;98790947,18;106023298,8;113731908,1;121946320,2
Niederlande;Wind;2,154448125;2,271898125;2,271898125;2,271898125;2,271898125;2,29068;2,29068;2,487915;2,487915;2,62752;2,6703;2,6891625;2,75232;3,344355;3,46788;4,1440275;4,192155;4,192155;4,192155;4,192155;4,4382;;;67009976,67;73125336,37;77697008,21;82268680,04;86840351,87;92167730,66;96274149,58;109023662;113483657;124561853,7;131376859;135764577,2;142494086,2;177447755,4;188463397;230540345,8;238611118,8;244004465;249397811,2;254791157,4;275455192,9
Norwegen;Biomass;0,781265625;0,842428125;0,853551563;0,870384375;0,880621875;0,880621875;0,880621875;0,880621875;0,880621875;0,880621875;0,880621875;0,897553125;0,9106125;0,98476875;1,110932813;1,110932813;1,110932813;1,110932813;1,110932813;1,110932813;1,110932813;;;23671,83104;28588,5741;32315,8153;36636,66841;41083,80899;45408,9803;49803,72715;54524,42623;59592,6859;65031,46048;70865,1308;77822,14417;85014,77808;98933,77939;120030,6753;129015,8019;138599,3645;148818,7439;147397,5582;150585,1005;153772,6427
Norwegen;Geothermal;47,45762712;46,94915254;46,44067797;45,93220339;45,42372881;44,91525424;44,40677966;43,89830508;43,38983051;42,88135593;42,37288136;42,20338983;42,03389831;41,86440678;41,69491525;41,52542373;41,3559322;41,18644068;40,33898305;39,23728814;38,13559322;;;0;0;0;0;0;0;0;0;0;0;0;0;0;0;0;0;0;0;0;0;0
Norwegen;Hydro;0;0;0,133347832;0,133347832;0,133347832;0,133347832;0,133347832;0,133347832;0,17533125;0,2065;0,327512109;0,327512109;0,327512109;0,327512109;0,327512109;0,400043496;0,400043496;0,400043496;0,400043496;0,412189453;0,465433594;;;0;0;8477256,352;8976055,92;9474855,487;9973655,055;10418018,89;10862382,72;14866578,44;18197553,39;29952984,02;30736237,34;31519490,66;32302743,98;33085997,29;41369992,24;42326706,17;43283420,09;44240134,02;46569096,16;53697706,31
Norwegen;Other RES;47,45762712;46,94915254;46,44067797;45,93220339;45,42372881;44,91525424;44,40677966;43,89830508;43,38983051;42,88135593;42,37288136;42,20338983;42,03389831;41,86440678;41,69491525;41,52542373;41,3559322;41,18644068;40,33898305;39,23728814;38,13559322;;;0;0;0;0;0;0;0;0;0;0;0;0;0;0;0;0;0;0;0;0;0
Norwegen;Solar;47,45762712;46,94915254;46,44067797;45,93220339;45,42372881;44,91525424;44,40677966;43,89830508;43,38983051;42,88135593;42,37288136;42,20338983;42,03389831;41,86440678;41,69491525;41,52542373;41,3559322;41,18644068;40,33898305;39,23728814;38,13559322;;;0;0;0;0;0;0;0;0;0;0;0;0;0;0;0;0;0;0;0;0;0
Norwegen;Wind;0,898725;0,9732;0,9754875;1,006425;1,006425;1,006425;1,006425;1,006425;1,006425;1,006425;1,006425;1,0317;1,12545;1,2696375;1,2696375;1,2696375;1,2696375;1,2696375;1,2696375;1,2696375;1,2696375;;;1545005,509;1749790,476;1863554,405;2035785,5;2148914,133;2262042,765;2362825,274;2463607,784;2564390,294;2665172,803;2765955,313;2909563,097;3254835,503;3763074,399;3854318,676;3945562,952;4036807,229;4128051,506;4219295,782;4310540,059;4401784,336
Österreich;Biomass;47,45762712;46,94915254;46,44067797;45,93220339;45,42372881;2,964524063;2,964524063;3,921925;3,921925;3,921925;3,921925;3,921925;3,921925;3,921925;3,921925;3,921925;3,921925;3,921925;3,921925;3,921925;3,921925;;;0;0;0;0;0;446220,2754;489406,1196;708831,4183;774720,084;845425,5377;921264,7366;992623,044;1068814,02;1150142,537;1236931,87;1329524,779;1428284,651;1533596,697;1645869,236;1765535,038;1893052,746
Österreich;Geothermal;47,45762712;46,94915254;46,44067797;45,93220339;45,42372881;44,91525424;44,40677966;43,89830508;43,38983051;42,88135593;42,37288136;42,20338983;42,03389831;41,86440678;41,69491525;41,52542373;41,3559322;41,18644068;40,33898305;39,23728814;38,13559322;;;0;0;0;0;0;0;0;0;0;0;0;0;0;0;0;0;0;0;0;0;0
Österreich;Hydro;0,561178125;0,615853125;0,6220125;0,6445125;0,671625;0,69508125;0,7313625;0,789703125;1,007367188;1,200130488;1,346530078;1,346530078;1,346530078;1,346530078;1,346530078;1,346530078;1,554946875;1,554946875;1,554946875;1,554946875;2,00021748;;;4025437,532;4947844,113;5575241,569;6422667,719;7418008,169;8485297,534;9792290,434;11575632,04;16138773;20981750,99;25653014,36;27640017,24;29761587,87;32026215,52;34442901,97;37021191,53;45927015,28;49313362,65;52923527,21;56771424,82;78302897,12
Österreich;Other RES;47,45762712;46,94915254;46,44067797;45,93220339;45,42372881;44,91525424;44,40677966;43,89830508;43,38983051;42,88135593;42,37288136;42,20338983;42,03389831;41,86440678;41,69491525;41,52542373;41,3559322;41,18644068;40,33898305;39,23728814;38,13559322;;;0;0;0;0;0;0;0;0;0;0;0;0;0;0;0;0;0;0;0;0;0
Österreich;Solar;47,45762712;46,94915254;46,44067797;45,93220339;45,42372881;44,91525424;44,40677966;43,89830508;43,38983051;42,88135593;42,37288136;42,20338983;42,03389831;41,86440678;41,69491525;41,52542373;41,3559322;41,18644068;40,33898305;39,23728814;38,13559322;;;0;0;0;0;0;0;0;0;0;0;0;0;0;0;0;0;0;0;0;0;0
Österreich;Wind;4,0964454;4,0964454;4,0964454;4,0964454;4,0964454;4,4822;6,463344375;6,463344375;6,463344375;6,463344375;6,463344375;6,463344375;6,463344375;6,463344375;6,463344375;6,463344375;6,463344375;6,463344375;6,463344375;6,463344375;6,463344375;;;1034805,214;1159004,465;1293036,629;1437574,497;1593333,561;1926911,696;3047529,887;3336393,239;3646524,101;3979327,066;4336294,017;4672169,894;5030792,624;5413597,202;5822105,256;6257930,123;6722782,213;7218474,687;7746929,453;8310183,508;8910395,646
Portugal;Biomass;47,45762712;46,94915254;46,44067797;45,93220339;45,42372881;1,278801563;1,278801563;1,278801563;1,466784375;1,633964063;1,633964063;1,9728625;1,9728625;1,9927425;1,9927425;1,9927425;1,9927425;1,9927425;2,211234375;2,211234375;2,211234375;;;0;0;0;0;0;436033,17;478233,0915;523562,9221;656347,5304;797885,6025;869460,2146;1131107,643;1217928,31;1323809,869;1423704,075;1530278,177;1643950,429;1765164,211;2102097,572;2254934,252;2417799,357
Portugal;Geothermal;47,45762712;46,94915254;46,44067797;45,93220339;45,42372881;14,9391;14,9391;14,9391;14,9391;14,9391;14,9391;14,9391;14,9391;14,9391;14,9391;14,9391;14,9391;14,9391;14,9391;14,9391;14,9391;;;0;0;0;0;0;307102,4956;336824,3197;368750,57;403027,3845;439810,004;479263,3171;516385,5662;556021,882;598330,8655;643480,6926;691649,6752;743026,8544;797812,6273;856219,4104;918472,3402;984810,0145
Portugal;Hydro;47,45762712;46,94915254;46,44067797;45,93220339;45,42372881;0,858234375;0,858234375;0,858234375;0,863390625;1,167117188;1,167117188;1,167117188;1,167117188;1,167117188;1,167117188;1,167117188;1,167117188;1,167117188;1,167117188;1,167117188;1,167117188;;;0;0;0;0;0;1020789,711;1119583,217;1225704,099;1347686,623;1988046,789;2166385,234;2334186,711;2513352,373;2704599,134;2908687,19;3126422,554;3358659,736;3606304,58;3870317,259;4151715,445;4451577,656
Portugal;Other RES;47,45762712;46,94915254;46,44067797;45,93220339;45,42372881;44,91525424;44,40677966;43,89830508;43,38983051;42,88135593;42,37288136;42,20338983;42,03389831;41,86440678;41,69491525;41,52542373;41,3559322;41,18644068;40,33898305;39,23728814;38,13559322;;;0;0;0;0;0;0;0;0;0;0;0;0;0;0;0;0;0;0;0;0;0
Portugal;Solar;47,45762712;46,94915254;46,44067797;45,93220339;45,42372881;10,50405469;10,50405469;10,50405469;10,50405469;10,50405469;10,50405469;10,50405469;10,50405469;10,50405469;10,50405469;13,44519;13,44519;13,44519;13,44519;13,44519;13,44519;;;0;0;0;0;0;1052667,962;1154546,691;1263981,623;1381473,682;1507554,992;1642790,75;1770036,223;1905899,266;2050923,524;2205685,459;3034619,236;3260037,077;3500410,154;3756670,445;4029805,741;4320862,889
Portugal;Wind;47,45762712;46,94915254;46,44067797;45,93220339;45,42372881;1,8673875;1,8673875;1,8673875;1,8673875;1,890471429;2,100375;3,5136;5,6021625;5,6021625;5,6021625;5,6021625;5,6021625;5,6021625;5,6021625;5,6021625;5,6021625;;;0;0;0;0;0;2453120,505;2690537,059;2945562,467;3219364,073;3556610,542;4305981,1;7761175,474;13324431,09;14338317,69;15420281,87;16574596,67;17805792,25;19118670,9;20518322,93;22010143,49;23599850,29
Schweden;Biomass;0,963571875;0,98945;1,154130469;1,303214063;1,303214063;1,303214063;1,303214063;1,303214063;1,303214063;1,303214063;1,508042813;1,552064063;1,552064063;1,552064063;1,552064063;1,5841875;2,12373;3,00890625;3,00890625;3,462391406;3,909642188;;;1003387,149;1153997,248;1501728,922;1885262,932;2089528,373;2309507,202;2533024,652;2773120,08;3030892,488;3307509,337;4170691,606;4624917,128;4979912,867;5358845,888;5763222,428;6322851,428;9105924,179;13852551,7;14866678,27;18351115,17;22218241,66
Schweden;Geothermal;47,45762712;46,94915254;46,44067797;45,93220339;45,42372881;44,91525424;44,40677966;43,89830508;43,38983051;42,88135593;42,37288136;42,20338983;42,03389831;41,86440678;41,69491525;41,52542373;41,3559322;41,18644068;40,33898305;39,23728814;38,13559322;;;0;0;0;0;0;0;0;0;0;0;0;0;0;0;0;0;0;0;0;0;0
Schweden;Hydro;0,266695664;0,266695664;0,266695664;0,266695664;0,266695664;0,275085938;0,318140625;0,36045;0,4164375;0,480473438;0,604420313;0,622040625;0,800086992;0,800086992;0,800086992;0,824378906;0,834271875;0,930867188;0,930867188;0,930867188;1,077173438;;;8310781,579;9308257,081;10384703,18;11545523,25;12796463,56;14588594,3;18504795,2;22952999,22;28983184,31;33159559,73;43291059,02;45718135,9;60302520,46;61801026,56;63299532,67;66765410,33;69129161,39;78876658,48;80620106,61;82363554,73;97326268,02
Schweden;Other RES;47,45762712;46,94915254;46,44067797;45,93220339;45,42372881;44,91525424;44,40677966;43,89830508;43,38983051;42,88135593;42,37288136;42,20338983;42,03389831;41,86440678;41,69491525;41,52542373;41,3559322;41,18644068;40,33898305;39,23728814;38,13559322;;;0;0;0;0;0;0;0;0;0;0;0;0;0;0;0;0;0;0;0;0;0
Schweden;Solar;47,45762712;46,94915254;46,44067797;45,93220339;45,42372881;44,91525424;44,40677966;43,89830508;43,38983051;42,88135593;42,37288136;42,20338983;42,03389831;41,86440678;41,69491525;41,52542373;41,3559322;41,18644068;40,33898305;39,23728814;38,13559322;;;0;0;0;0;0;0;0;0;0;0;0;0;0;0;0;0;0;0;0;0;0
Schweden;Wind;1,31900625;1,31900625;1,4893875;1,4893875;1,4893875;1,4893875;1,4893875;1,4893875;1,7234775;1,7234775;1,7737875;1,7737875;1,7737875;1,7737875;2,088;2,575395;3,43875;3,95701875;4,4681625;4,4681625;4,4681625;;;12026732,14;13470202,95;16969174,23;18866017,85;20910122,9;23111473,4;25348235,25;27750894,61;33145770,17;34448424,41;36794687,74;37756847,68;38719007,62;39681167,55;47842973,19;60407779,57;82523694,29;97107609,39;112075059,5;114498735,9;116922412,4
Schweiz;Biomass;3,111449414;3,111449414;3,111449414;3,111449414;3,111449414;3,98265525;3,98265525;3,98265525;3,98265525;3,98265525;3,98265525;3,98265525;3,98265525;3,98265525;3,98265525;3,98265525;3,98265525;3,98265525;3,98265525;3,98265525;3,98265525;;;2204914,833;2469552,822;2755142,324;3063116,894;3395001,065;4410496,565;4607000,769;4803504,973;5000009,177;5196513,381;5393017,585;5534041,895;5675066,206;5816090,516;5957114,827;6098139,137;6239163,447;6380187,758;6521212,068;6662236,379;6803260,689
Schweiz;Geothermal;47,45762712;46,94915254;46,44067797;45,93220339;45,42372881;44,91525424;44,40677966;43,89830508;43,38983051;42,88135593;42,37288136;42,20338983;42,03389831;41,86440678;41,69491525;41,52542373;41,3559322;41,18644068;40,33898305;39,23728814;38,13559322;;;0;0;0;0;0;0;0;0;0;0;0;0;0;0;0;0;0;0;0;0;0
Schweiz;Hydro;1,33347832;1,33347832;1,33347832;1,33347832;1,33347832;1,33347832;1,33347832;1,33347832;1,33347832;1,33347832;1,33347832;1,33347832;1,419936328;2,222463867;2,222463867;2,222463867;2,222463867;2,222463867;2,222463867;2,222463867;2,5308;;;29581067,68;33131442,58;34766101,51;36811729,91;38857358,32;40902986,72;42725368,56;44547750,4;46370132,24;48192514,08;50014895,92;51322756,71;56043000,18;89897463,79;92077231,77;94256999,74;96436767,71;98616535,69;100796303,7;102976071,6;119744758,4
Schweiz;Other RES;47,45762712;46,94915254;46,44067797;45,93220339;45,42372881;44,91525424;44,40677966;43,89830508;43,38983051;42,88135593;42,37288136;42,20338983;42,03389831;41,86440678;41,69491525;41,52542373;41,3559322;41,18644068;40,33898305;39,23728814;38,13559322;;;0;0;0;0;0;0;0;0;0;0;0;0;0;0;0;0;0;0;0;0;0
Schweiz;Solar;12,77942695;12,77942695;12,77942695;12,77942695;12,77942695;12,77942695;12,77942695;12,77942695;12,77942695;12,77942695;12,77942695;12,77942695;12,77942695;12,77942695;12,77942695;12,77942695;12,77942695;12,77942695;12,77942695;12,77942695;12,77942695;;;5812551,812;6510185,12;7263050,378;7642027,742;8066695,343;8491362,944;8869685,088;9248007,232;9626329,376;10004651,52;10382973,66;10654482,46;10925991,25;11197500,05;11469008,84;11740517,63;12012026,43;12283535,22;12555044,02;12826552,81;13098061,6
Schweiz;Wind;4,853385;4,853385;4,853385;4,853385;4,853385;4,853385;4,853385;4,853385;4,853385;4,853385;4,853385;4,853385;4,853385;4,853385;4,853385;4,853385;4,853385;4,853385;4,853385;4,853385;4,853385;;;373913,6204;418791,4303;467222,2373;519449,1463;575730,6906;636341,7665;697927,8439;764081,6746;835106,0687;911322,6981;993073,2252;1069993,595;1152123,319;1239791,032;1333345,207;1433155,322;1539613,086;1555018,229;1589389,533;1623760,837;1658132,141
Serbien;Biomass;3,069330469;3,069330469;3,069330469;3,069330469;3,069330469;3,069330469;3,069330469;3,069330469;3,069330469;3,069330469;3,069330469;3,069330469;3,069330469;3,069330469;3,069330469;5,115550781;5,115550781;5,115550781;5,115550781;5,115550781;5,115550781;;;47993,38745;53753,6433;59969,94128;66673,48494;73897,45812;81677,1449;89581,97722;98073,09992;107189,3799;116972,1052;127465,1296;137338,1829;147879,8788;159132,3988;171140,4711;306585,866;329359,703;353644,4591;379534,2914;407128,9959;436534,3351
Serbien;Geothermal;47,45762712;46,94915254;46,44067797;45,93220339;45,42372881;44,91525424;44,40677966;43,89830508;43,38983051;42,88135593;42,37288136;42,20338983;42,03389831;41,86440678;41,69491525;41,52542373;41,3559322;41,18644068;40,33898305;39,23728814;38,13559322;;;0;0;0;0;0;0;0;0;0;0;0;0;0;0;0;0;0;0;0;0;0
Serbien;Hydro;47,45762712;46,94915254;46,44067797;45,93220339;45,42372881;0,741742969;0,741742969;0,828914063;0,857636719;0,860203125;0,916732031;1,154967188;1,18786875;1,410576563;2,1825;2,192378906;2,192378906;2,192378906;2,192378906;2,192378906;2,192378906;;;0;0;0;0;0;1338563,227;1468111,314;1796157,077;2031140,794;2223147,232;2581776,844;3504659,635;3881168,041;4959526,057;8252620,586;8910537,416;9572430,704;10278236,98;11030692,8;11832698,61;12687328,28
Serbien;Other RES;47,45762712;46,94915254;46,44067797;45,93220339;45,42372881;44,91525424;44,40677966;43,89830508;43,38983051;42,88135593;42,37288136;42,20338983;42,03389831;41,86440678;41,69491525;41,52542373;41,3559322;41,18644068;40,33898305;39,23728814;38,13559322;;;0;0;0;0;0;0;0;0;0;0;0;0;0;0;0;0;0;0;0;0;0
Serbien;Solar;8,418735;8,418735;8,418735;8,418735;8,418735;8,418735;8,418735;8,418735;8,418735;8,418735;8,418735;8,418735;8,418735;8,418735;8,418735;8,418735;8,418735;8,418735;8,418735;8,418735;8,418735;;;4780,395951;5354,147987;5973,324237;6641,032742;7360,578787;8135,476855;8922,840082;9768,60094;10676,63078;11651,04211;12696,20299;13679,61147;14729,62029;15850,43097;17046,49866;18322,54705;19683,58402;21134,91833;22682,17711;24331,32447;26088,68112
Serbien;Wind;47,45762712;46,94915254;46,44067797;45,93220339;45,42372881;5,84634375;5,84634375;5,84634375;5,84634375;7,48332;7,48332;7,48332;7,48332;7,48332;7,48332;7,48332;7,48332;7,48332;7,48332;7,48332;7,48332;;;0;0;0;0;0;376009,8006;412400,5734;451490,399;493458,2058;689272,406;751103,8326;809282,0045;871400,2339;937707,0813;1008466,113;1083956,78;1164475,348;1250335,882;1341871,28;1439434,378;1543399,108
Slowakei;Biomass;47,45762712;46,94915254;46,44067797;45,93220339;45,42372881;3,728763281;3,728763281;3,728763281;4,244969531;4,244969531;4,244969531;4,3147125;4,50244375;5,00066875;5,00066875;5,00066875;6,214605469;6,214605469;6,214605469;6,214605469;6,214605469;;;0;0;0;0;0;595071,1827;652663,0333;714526,3909;889057,5901;970198,1486;1057230,119;1157835,118;1300951,001;1554856,289;1672185,173;1797359,805;2399599,891;2576530,151;2765154,438;2966199,828;3180436,87
Slowakei;Geothermal;47,45762712;46,94915254;46,44067797;45,93220339;45,42372881;44,91525424;44,40677966;43,89830508;43,38983051;42,88135593;42,37288136;42,20338983;42,03389831;41,86440678;41,69491525;41,52542373;41,3559322;41,18644068;40,33898305;39,23728814;38,13559322;;;0;0;0;0;0;0;0;0;0;0;0;0;0;0;0;0;0;0;0;0;0
Slowakei;Hydro;47,45762712;46,94915254;46,44067797;45,93220339;45,42372881;1,010707031;1,010707031;1,010707031;1,010707031;1,010707031;1,010707031;1,010707031;1,010707031;1,010707031;1,07476875;1,07476875;1,10885625;1,10885625;1,25298;1,461585938;1,52180625;;;0;0;0;0;0;1066886,012;1170140,785;1281053,82;1400132,807;1527917,057;1664979,401;1793943,538;1931641,641;2078624,694;2377168,351;2555115,852;2831973,255;3040783,801;3687555,763;4614236,247;5151351,778
Slowakei;Other RES;47,45762712;46,94915254;46,44067797;45,93220339;45,42372881;44,91525424;44,40677966;43,89830508;43,38983051;42,88135593;42,37288136;42,20338983;42,03389831;41,86440678;41,69491525;41,52542373;41,3559322;41,18644068;40,33898305;39,23728814;38,13559322;;;0;0;0;0;0;0;0;0;0;0;0;0;0;0;0;0;0;0;0;0;0
Slowakei;Solar;47,45762712;46,94915254;46,44067797;45,93220339;45,42372881;7,990207031;7,990207031;7,990207031;7,990207031;7,990207031;7,990207031;9,096363281;9,096363281;9,096363281;9,096363281;9,096363281;9,096363281;9,096363281;9,096363281;9,126738281;9,126738281;;;0;0;0;0;0;880670,8868;965903,4901;1057457,677;1155752,523;1261233,21;1374372,584;1685831,454;1815231,175;1953356,289;2100755,836;2258011,947;2425741,78;2604599,566;2795278,777;3008527,188;3225821,371
Slowakei;Wind;47,45762712;46,94915254;46,44067797;45,93220339;45,42372881;7,10240625;7,10240625;7,10240625;7,10240625;7,10240625;7,10240625;7,1136;7,1136;8,08565625;8,08565625;8,08565625;8,08565625;8,08565625;8,08565625;8,08565625;8,08565625;;;0;0;0;0;0;3229,307561;3541,844622;3877,562119;4237,996755;4624,78095;5039,648572;5438,56207;5856,010925;7162,707802;7703,203099;8279,841157;8894,885012;9550,73365;10249,92994;10995,16902;11789,30719
Slowenien;Biomass;47,45762712;46,94915254;46,44067797;45,93220339;45,42372881;3,293915625;3,293915625;3,5297325;3,5297325;3,59695;3,69613125;3,69613125;3,69613125;3,820472578;3,820472578;3,97495;4,500601875;4,500601875;4,500601875;4,500601875;4,500601875;;;0;0;0;0;0;103188,2135;113174,9182;132772,6953;145114,439;161374,081;180699,0425;194695,4296;209639,7077;233180,791;250776,5278;280447,8565;341121,7292;366273,7375;393088,1422;421668,3031;452123,7598
Slowenien;Geothermal;47,45762712;46,94915254;46,44067797;45,93220339;45,42372881;44,91525424;44,40677966;43,89830508;43,38983051;42,88135593;42,37288136;42,20338983;42,03389831;41,86440678;41,69491525;41,52542373;41,3559322;41,18644068;40,33898305;39,23728814;38,13559322;;;0;0;0;0;0;0;0;0;0;0;0;0;0;0;0;0;0;0;0;0;0
Slowenien;Hydro;0,511555078;0,54556875;0,6220125;0,6220125;0,63736875;0,6375375;0,6550875;0,67516875;0,784265625;0,906630469;0,996220898;0,996220898;0,996220898;0,996220898;0,996220898;1,008829688;1,122213867;1,122213867;1,123284375;1,38661875;1,51014375;;;1255217,367;1499348,282;1907119,344;2120300,44;2408049,453;2662265,833;3000302,83;3385379,585;4297937,283;5421978,006;6492204,255;6995070,248;7531992,33;8105118,945;8716728,24;9487818,52;11338157,33;12174156,33;12120333,22;15285287,95;16999334,55
Slowenien;Other RES;47,45762712;46,94915254;46,44067797;45,93220339;45,42372881;44,91525424;44,40677966;43,89830508;43,38983051;42,88135593;42,37288136;42,20338983;42,03389831;41,86440678;41,69491525;41,52542373;41,3559322;41,18644068;40,33898305;39,23728814;38,13559322;;;0;0;0;0;0;0;0;0;0;0;0;0;0;0;0;0;0;0;0;0;0
Slowenien;Solar;47,45762712;46,94915254;46,44067797;45,93220339;45,42372881;7,191186328;7,191186328;7,191186328;7,92028125;7,92028125;7,92028125;7,92028125;7,92028125;8,186726953;8,186726953;8,186726953;8,186726953;8,186726953;9,079467188;9,079467188;10,444383;;;0;0;0;0;0;256919,0186;281784,0132;308493,2096;371353,5046;405245,3819;441598,0631;475802,8786;512324,1805;569854,6281;612855,6488;658732,135;707664,1307;759842,4956;904394,2644;970149,8312;1196596,181
Slowenien;Wind;47,45762712;46,94915254;46,44067797;45,93220339;45,42372881;6,392165625;6,392165625;6,392165625;6,392165625;6,392165625;6,392165625;6,40224;6,40224;7,277090625;7,277090625;7,277090625;7,277090625;7,277090625;7,277090625;7,277090625;7,277090625;;;0;0;0;0;0;7012,475206;7691,152708;8420,166772;9202,854361;10042,76029;10943,64968;11809,89452;12716,38908;15553,89504;16727,58625;17979,76183;19315,336;20739,51819;22257,83026;23876,12474;25600,60409
Spanien;Biomass;1,1447625;1,306808754;1,306808754;1,306808754;1,306808754;1,306808754;1,306808754;1,306808754;1,306808754;1,711188281;1,711188281;1,711188281;1,711188281;1,711188281;1,711188281;2,17801459;2,17801459;2,17801459;2,193625547;2,193625547;2,193625547;;;3411872,615;4362304,223;4866779,478;5410796,498;5997048,271;6628398,23;6633702,232;6916652,126;7199602,019;9797956,364;10168462,41;10434361,86;10700261,3;10966160,75;11232060,2;14634698,09;14973137,1;15311576,12;15762186,89;16103051,67;16443916,45
Spanien;Geothermal;47,45762712;46,94915254;46,44067797;45,93220339;45,42372881;44,91525424;44,40677966;43,89830508;43,38983051;42,88135593;42,37288136;42,20338983;42,03389831;41,86440678;41,69491525;41,52542373;41,3559322;41,18644068;40,33898305;39,23728814;38,13559322;;;0;0;0;0;0;0;0;0;0;0;0;0;0;0;0;0;0;0;0;0;0
Spanien;Hydro;0,311144941;0,311144941;0,311144941;0,311144941;0,311144941;0,353423438;0,427546875;0,47671875;0,576375;1,053140625;1,082496094;1,082496094;1,082496094;1,082496094;1,082496094;1,222277344;1,222277344;1,222277344;1,222277344;1,222277344;1,222277344;;;9665192,448;10825226,87;12077101,75;12484622,88;13178393,57;15757119,36;19911134,73;23148053,01;29131974,86;55321303,66;59013607,53;60556779,45;62099951,38;63643123,3;65186295,22;75346152,58;77088592,19;78831031,81;80573471,42;82315911,04;84058350,65
Spanien;Other RES;47,45762712;46,94915254;46,44067797;45,93220339;45,42372881;44,91525424;44,40677966;43,89830508;43,38983051;42,88135593;42,37288136;42,20338983;42,03389831;41,86440678;41,69491525;41,52542373;41,3559322;41,18644068;40,33898305;39,23728814;38,13559322;;;0;0;0;0;0;0;0;0;0;0;0;0;0;0;0;0;0;0;0;0;0
Spanien;Solar;2,200099219;2,200099219;2,200099219;2,200099219;2,200099219;2,800304473;2,800304473;2,800304473;2,800304473;3,33912375;5,35005;5,672189531;5,845478906;5,845478906;5,845478906;6,600297656;6,600297656;6,600297656;6,600297656;6,600297656;9,453649219;;;22393901,03;25081658,79;27982207,57;31110107,09;34480841,03;45893541,68;47938271,51;49983001,34;52027731,16;64476788,32;107213261,9;116641208;123267861,6;126331044,4;129394227,2;149561455,4;153020182,8;156478910,3;159937637,7;163396365,1;238987633,2
Spanien;Wind;1,493495719;1,493495719;1,493495719;1,493495719;1,493495719;1,493495719;1,493495719;1,493495719;1,56744;2,489159531;2,489159531;2,489159531;2,489159531;2,489159531;2,489159531;2,489159531;2,489159531;2,489159531;3,1861242;3,1861242;3,1861242;;;80700362,65;90386170,66;92527889,07;97972206,1;103416523,1;108860840,1;113710999,8;118561159,6;129521521,8;213769131,6;221852731,1;227654052,6;233455374;239256695,4;245058016,8;250859338,2;256660659,6;262461981,1;343377027,2;350802718,6;358228410
Tschechien;Biomass;1,306808754;1,369528125;1,4434875;1,577460938;1,758851719;1,885142109;1,987910859;1,987910859;1,987910859;2,004345;2,176925625;2,176925625;2,176925625;2,22989625;2,3365125;2,3982525;2,489484375;2,782463906;2,926310625;3,01203;3,11259375;;;8083941,613;9488740,934;11157743,67;13556310,21;16752840,61;19846063,28;22953413,42;25129077,04;27464923,5;30219307,79;35765533,88;38535821,13;41493723,28;43167612,24;46328292,41;48678192,95;51698504,54;59088805,64;63517143,78;66791553,31;70482575,72
Tschechien;Geothermal;47,45762712;46,94915254;46,44067797;45,93220339;45,42372881;44,91525424;44,40677966;43,89830508;43,38983051;42,88135593;42,37288136;42,20338983;42,03389831;41,86440678;41,69491525;41,52542373;41,3559322;41,18644068;40,33898305;39,23728814;38,13559322;;;0;0;0;0;0;0;0;0;0;0;0;0;0;0;0;0;0;0;0;0;0
Tschechien;Hydro;0,666646875;0,689892857;0,7065;0,725946429;0,799020703;0,79875;0,799020703;0,854859375;0,854859375;0,97396875;1,0173125;1,0310625;1,0310625;1,04503125;1,200065625;1,200065625;1,346530078;1,419936328;1,6689375;1,6689375;1,6689375;;;4365606,371;5060074,096;5781135,02;6604273,52;8056656,638;8901818,642;9766658,419;11439628,06;12502986,44;15545140,5;17693473,31;19321623,34;20804697,25;22691082,23;28023672,03;30121437,8;33373087,32;35987882,41;43233695,51;44168644,72;45103593,94
Tschechien;Other RES;47,45762712;46,94915254;46,44067797;45,93220339;45,42372881;44,91525424;44,40677966;43,89830508;43,38983051;42,88135593;42,37288136;42,20338983;42,03389831;41,86440678;41,69491525;41,52542373;41,3559322;41,18644068;40,33898305;39,23728814;38,13559322;;;0;0;0;0;0;0;0;0;0;0;0;0;0;0;0;0;0;0;0;0;0
Tschechien;Solar;7,667656172;7,667656172;7,667656172;7,667656172;7,667656172;7,667656172;7,667656172;7,667656172;7,667656172;7,667656172;7,667656172;7,693734375;8,396713125;8,396713125;8,396713125;8,396713125;8,396713125;8,396713125;9,079467188;12,77942695;12,77942695;;;16519958,67;18502714,91;20642446,89;22949895,27;25436482,37;28114353,45;30835301,28;33758058;36896002,15;40263345,56;43875183,31;47434399,53;55742099,67;59983644,21;64509987,94;69339006,94;74489652,87;79982015,87;92817006,35;140139184,7;138452559
Tschechien;Wind;2,845125;2,845125;2,845125;2,8953;3,2154;3,964602857;3,964602857;4,103325;5,143545;6,815694375;6,815694375;6,815694375;6,815694375;6,815694375;6,815694375;6,815694375;6,815694375;6,815694375;6,815694375;6,815694375;6,815694375;;;6753715,371;7564308,884;8029798,005;8652210,405;10142746,11;13164427,76;13750952,51;14839148,08;19361908,04;26664716,19;27673032,43;28396666,33;29120300,22;29843934,11;30567568,01;31291201,9;32014835,8;32738469,69;33462103,58;34185737,48;34909371,37
Zypern;Biomass;47,45762712;46,94915254;46,44067797;45,93220339;45,42372881;2,164115625;2,2304625;2,28153;2,338896;2,541735;2,80546875;2,924834063;2,924834063;2,924834063;2,924834063;2,924834063;2,924834063;2,924834063;2,924834063;2,924834063;3,29196;;;0;0;0;0;0;34754,2378;39286,40861;43994,95178;49293,47432;58457,3784;70311,05051;78980,39263;85042,70728;91513,80242;98419,4003;105786,7735;113644,8354;122024,2367;130957,466;140478,9576;169531,7198
Zypern;Geothermal;47,45762712;46,94915254;46,44067797;45,93220339;45,42372881;44,91525424;44,40677966;43,89830508;43,38983051;42,88135593;42,37288136;42,20338983;42,03389831;41,86440678;41,69491525;41,52542373;41,3559322;41,18644068;40,33898305;39,23728814;38,13559322;;;0;0;0;0;0;0;0;0;0;0;0;0;0;0;0;0;0;0;0;0;0
Zypern;Hydro;47,45762712;46,94915254;46,44067797;45,93220339;45,42372881;44,91525424;44,40677966;43,89830508;43,38983051;42,88135593;42,37288136;42,20338983;42,03389831;41,86440678;41,69491525;41,52542373;41,3559322;41,18644068;40,33898305;39,23728814;38,13559322;;;0;0;0;0;0;0;0;0;0;0;0;0;0;0;0;0;0;0;0;0;0
Zypern;Other RES;47,45762712;46,94915254;46,44067797;45,93220339;45,42372881;44,91525424;44,40677966;43,89830508;43,38983051;42,88135593;42,37288136;42,20338983;42,03389831;41,86440678;41,69491525;41,52542373;41,3559322;41,18644068;40,33898305;39,23728814;38,13559322;;;0;0;0;0;0;0;0;0;0;0;0;0;0;0;0;0;0;0;0;0;0
Zypern;Solar;47,45762712;46,94915254;46,44067797;45,93220339;45,42372881;9,93549375;9,93549375;9,93549375;9,93549375;9,93549375;9,93549375;10,615725;10,7436375;10,76730469;10,76730469;10,76730469;10,76730469;10,76730469;10,76730469;10,76730469;10,76730469;;;0;0;0;0;0;829023,2302;909257,2985;995442,2157;1087972,481;1187267,168;1293771,392;1489421,622;1623069,549;1750420,172;1882506,235;2023424,853;2173729,068;2334005,142;2504874,5;2686995,782;2881067,006
Zypern;Wind;2,65395;2,80431;2,90484;3,00999;3,20625;2,473275;2,5491;2,65371;2,673024;2,90484;3,20625;3,3426675;3,3426675;3,3426675;3,3426675;3,3426675;3,3426675;3,3426675;3,3426675;3,3426675;3,76224;;;3176212,131;3433839,227;3779310,486;4146537,927;4662351,55;3785835,953;4075745,457;4423984,545;4638478,576;5238852,386;6001103,462;6420036,792;6583638,962;6747241,131;6910843,301;7074445,471;7238047,641;7401649,81;7565251,98;7728854,15;8883119,504
(Leer);(Leer);;;;;;;;;;;;;;;;;;;;;;;;774507371,7;866653877,6;966677840,9;1062869041;1197344660;1347461318;1484226645;1620645570;1855081124;2114982279;2383039236;2510829104;2687408339;2892017980;3054837127;3418279336;3711384796;4002119038;4449575625;4736385403;5159025078